Customer,DBA Name,TDLR Number,City,State,Zip code
CALIBER WRECKER SERVICE LLC,,006598046C (Insurance not applied !),CHANNELVIEW,TX,77530
1ST CHOICE WRECKER SERVICE,"1ST CHOICE PAINT & BODY, INC",006096604C,TERRELL,TX,75160
1ST CHOICE WRECKER SERVICE,"1ST CHOICE PAINT & BODY, INC.",0612137VSF,TERRELL,TX,75160
1ST CHOICE WRECKER SERVICE LLC,,006529369C,SILSBEE,TX,77656
1ST CHOICE WRECKER SERVICE LLC,,0652937VSF,SILSBEE,TX,77656
1ST CHOICE WRECKER SERVICE LLC,,0655000VSF,SILSBEE,TX,77656
1STCHOICEWRECKERSERVICELLC,,0654581VSF,SILSBEE,TX,77656
24 HOUR WRECKER SERVICE INC.,,005052021C,LANCASTER,TX,75146
"24 HOUR WRECKER SERVICE, INC",,0514204VSF,LANCASTER,TX,75146
24/7 WRECKER SERVICE LLC,,006551087C,SAN BENITO,TX,78586
24/7 WRECKER SERVICE LLC,,0659192VSF,SAN BENITO,TX,78586
290 WRECKER SERVICE INC,HWY 290 WRECKER,0656637VSF,HOCKLEY,TX,77447
290 WRECKER SERVICE INC.,HWY 290 WRECKER,0650616VSF,HOCKLEY,TX,77447
"290 WRECKER SERVICE, INC.",HWY 290 WRECKER,0545753VSF,HOCKLEY,TX,77447
"290 WRECKER SERVICE, INC.",HWY 290 WRECKER,005697854C,WALLER,TX,77484
"290 WRECKER SERVICE, INC.",HWY 290 WRECKER SERVICE,0657944VSF (Insurance not applied !),HOCKLEY,TX,77447
"3 ACES WRECKER SERVICE, LLC",,006576510C,WALLISVILLE,TX,77597
"3 ACES WRECKER SERVICE, LLC",,0657711VSF,WALLISVILLE,TX,77597
"3 ACES WRECKER SERVICE, LLC",,0657712VSF,WALLISVILLE,TX,77597
"3 ACES WRECKER SERVICE, LLC",,0657713VSF,WALLISVILLE,TX,77597
A & A AUTO & WRECKER SERVICE,ALFONSO FLORES JR,0000039432,EDINBURG,TX,78542
A & A AUTO & WRECKER SERVICE,,0000031VSF,EDINBURG,TX,78539
A & A WRECKER,,005683182C,AUSTIN,TX,78722
A & A WRECKER AND RECOVERY L.L.C.,,0568645VSF,AUSTIN,TX,78722
A & A WRECKER AND RECOVERY L.L.C.,,0653350VSF,AUSTIN,TX,78722
A & D WRECKER SERVICE,,006600078C,LA MARQUE,TX,77568
A & H WRECKER SERVICE LLC,A&H WRECKER SERVICE,006543241C (Expired!),SOUTH HOUSTON,TX,77587
A & I WRECKER SERVICE,,005266963C,HOUSTON,TX,77012
A & L WRECKER,,006415434C,DEER PARK,TX,77536
A & M WRECKER SERVICE LLC,,006490059C,ROSENBERG,TX,77471
A & M WRECKER SERVICE LLC,,0649006VSF,ROSENBERG,TX,77471
A & R WRECKER SERVICE,,0648812VSF,DONNA,TX,78537
A & S WRECKER SERVICE,A & S WRECKER SERVICE,006598236C,EL CAMPO,TX,77437
A B C WRECKER SERVICE INC,,0577127VSF,WACO,TX,76708
"A WRECKER SERVICE,LLC",A WRECKER SERVICE,006060211C,STAFFORD,TX,77477
A&H WRECKER SERVICE LLC,,006592051C,SOUTH HOUSTON,TX,77587
A&P BROTHER'S WRECKER SERVICES INC,,006560024C,BROOKSHIRE,TX,77423
A&R WRECKER SERVICE,FELIPE HERNANDEZ III,006488096C,DONNA,TX,78537
A&R WRECKER SERVICE LLC,,006594763C,POTEET,TX,78065
"A-1 WRECKER SERVICE, LLC",,006181060C,FORT WORTH,TX,76116
"A-1 WRECKER SERVICE, LLC.",,0618108VSF,FORT WORTH,TX,76116
A-ACTION WRECKER SERVICE,,005766702C,FORT WORTH,TX,76105
A-EXCELLENCE WRECKER SERVICE,,0660086VSF,GEORGETOWN,TX,78626
A-EXCELLENCE WRECKER SERVICE INC.,,006598437C,GEORGETOWN,TX,78626
A. MARTINEZ WRECKER SERVICE LLC,,006590061C,HOUSTON,TX,77023
A. MARTINEZ WRECKER SERVICE LLC,,006555161C (Expired!),HOUSTON,TX,77023
A.S.A.P. WRECKER SERVICE INC,,006239524C,EL PASO,TX,79932
A1 QUICK STAR WRECKER SERVICE,,005629226C,SAN ANTONIO,TX,78219
AA WRECKER SERVICE,,0536827VSF,FORT WORTH,TX,76148
AA WRECKER SERVICE,,0000037359,FORT WORTH,TX,76148
"ABBEY'S WRECKER SERVICE, INC.",,005764232C,DALLAS,TX,75208
"ABBEY'S WRECKER SERVICE, INC.",,0576424VSF,DALLAS,TX,75208
ABC WRECKER SERVICE INC.,,005767853C,WACO,TX,76708
ABI WRECKERS OF TOMBALL,,0640704VSF,MAGNOLIA,TX,77355
ABILENE AUTO WRECKING,DBA. ABILENE AUTO WRECKING,005059531C,ABILENE,TX,79601
ABREE'S WRECKER SERVICE LLC,,006589560C,GARCIASVILLE,TX,78547
ABSOLUTE WRECKER & STORAGE,,005433557C,CORPUS CHRISTI,TX,78427
ACC WRECKER SERVICE LLC,,006600859C,FLORESVILLE,TX,78114
ACE 1 WRECKER SERVICE LLC,,0520796VSF,CORPUS CHRISTI,TX,78403
ACE 1 WRECKER SERVICE LLC,,005059461C,CORPUS CHRISTI,TX,78403
ACE OF GALVESTON WRECKER SERVICE,,0000024VSF,GALVESTON,TX,77552
ACE OF GALVESTON WRECKER SERVICE,ACE OF GALVESTON WRECKER SERVICE,0650631VSF (Expired!),GALVESTON,TX,77552
ACE WRECKER SERVICE INC,RAY'S WRECKER SERVICE,005820848C,VIDOR,TX,77662
"ACE WRECKER SERVICE, INC.",RAY'S WRECKER SERVICE,0582200VSF,VIDOR,TX,77662
ACME ROADRUNNER WRECKER,,005839490C,PALESTINE,TX,75801
ACTION WRECKER SERVICE INC.,,005945680C,MIDLAND,TX,79703
"ACTION WRECKER SERVICE, INC",,0602742VSF,MIDLAND,TX,79703
AD WRECKER SERVICE INC.,,0583542VSF,EL PASO,TX,79996
AD WRECKER SERVICE INC.,,005020618C,EL PASO,TX,79996
AIRLINE WRECKER SERVICE,,005754511C,HOUSTON,TX,77037
AL'S WRECKER SERVICE LLC,,006597676C,SAN JUAN,TX,78589
ALANIS WRECKER SERVICE,,005080594C,SAN ANTONIO,TX,78201
ALFREDO'S WRECKER SERVICE,,005893546C (Suspended!),MERCEDES,TX,78570
ALFREDO'S WRECKER SERVICE,,0600864VSF (Suspended!),MERCEDES,TX,78570
ALLAN MOTOR WRECKER SERVICE LLC,,0658233VSF,HOUSTON,TX,77060
ALLAN MOTORS & WRECKER SERVICE LLC,,006582323C,HOUSTON,TX,77060
ALLAN'S WRECKER SERVICE INC,,0656197VSF,INEZ,TX,77968
ALLAN'S WRECKER SERVICE INC,,0655342VSF,INEZ,TX,77968
ALLAN'S WRECKER SERVICE INC,,0644035VSF,INEZ,TX,77968
"ALLAN'S WRECKER SERVICE, INC",,0000094VSF (Expired!),INEZ,TX,77968
"ALLAN'S WRECKER SERVICE, INC.",,005062282C,INEZ,TX,77901
"ALLAN'S WRECKER SERVICE, INC.",,0659436VSF,INEZ,TX,77968
ALLIED WRECKER SERVICE LLC,,0658041VSF,CISCO,TX,76437
ALLIED WRECKER SERVICE LLC,,006580421C,CISCO,TX,76437
ALLPOINTS WRECKER SERVICE LLC,,006588859C (Suspended!),SPRING,TX,77386
"ALLSTATE AUTO WRECKING, INC",,005062742C,GRAND PRAIRIE,TX,75051
ALLSTATE WRECKER AND STORAGE,,0651180VSF,HOUSTON,TX,77014
ALMA'S WRECKER SERVICE,,006183440C,GARCIASVILLE,TX,78547
ALPHA WRECKER SERVICE LLC,,006518130C,HOUSTON,TX,77291
ALVIN WRECKER SERVICES LLC,,006592401C (Insurance not applied !),HOUSTON,TX,77039
AM/PM WRECKER SERVICE,,006064791C,ELMENDORF,TX,78112
AMANDO'S WRECKER SERVICE LLC,,0645979VSF,ROMA,TX,78584
"AMANDO'S WRECKER SERVICE, LLC","AMANDO'S WRECKER SERVICE, LLC",006458673C,ROMA,TX,78584
ANDREA'S WRECKER SERVICE,,005740888C,HARLINGEN,TX,78551
ANDREWS WRECKIN CREW LLC,,006479850C,ANDREWS,TX,79714
ANDREWS WRECKIN CREW LLC,,0647986VSF,ANDREWS,TX,79714
ARMSTRONGS' WRECKER SERVICE,,005011748C,MARSHALL,TX,75672
ARMSTRONGS' WRECKER SERVICE,,0000696VSF,MARSHALL,TX,75672
ARTURO JR WRECKER,,006169339C,HOUSTON,TX,77060
AT WRECKER SERVICE,,0641319VSF,ALAMO,TX,78516
AT WRECKER SERVICE,,0650909VSF,ALAMO,TX,78516
AT WRECKER SERVICE,,005902437C,ALAMO,TX,78516
ATHENS WRECKER SERVICE,,0000030952,ATHENS,TX,75751
ATHENS WRECKER SERVICE,,0653349VSF,ATHENS,TX,75751
"ATLASSOLUTIONS, INC DBA RELIABLE WRECKER",RELIABLE WRECKER,006589150C (Suspended!),OVILLA,TX,75154
AVILES & GABES WRECKER SERVICE INC,OMG STORAGE #2,0653676VSF,AUSTIN,TX,78728
AVILES & GABES WRECKER SERVICE INC,,0633072VSF,AUSTIN,TX,78728
AVILES & GABES WRECKER SERVICE INC,,0633073VSF (Expired!),AUSTIN,TX,78728
AVILES & GABES WRECKER SERVICE INC,GABES WRECKER,006330740C,MANOR,TX,78653
AVILES AND GABES WRECKER SERVICE INC,,0641068VSF,AUSTIN,TX,78728
AVILES AND GABES WRECKER SERVICE INC,OMG STORAGE SERVICE,0651967VSF,MANOR,TX,78653
AVILES TRANSPORT AND WRECKER SERVICE,,005844281C,AUSTIN,TX,78728
B & B AND SONS WRECKER SERVICE LLC,B & B AND SONS WRECKER SERVICE LLC,006491270C,RIO GRANDE CITY,TX,78582
B & B WRECKER LLC,B & B WRECKER SERVICE,0654804VSF,PECOS,TX,79772
B & B WRECKER SERVICE,,0000244VSF,PECOS,TX,79772
B & B WRECKER SERVICE,B&B WRECKER SERVICE,005069002C,PECOS,TX,79772
"B & S WRECKER SERVICES, LLC.",,0656082VSF,ABILENE,TX,79602
"B & S WRECKER SERVICES, LLC.",,006560896C,ABILENE,TX,79602
B & S WRECKERS,,0517802VSF,VICTORIA,TX,77902
B & S WRECKERS,,005060731C,VICTORIA,TX,77902
B & W WRECKER SERVICE,,0000037728 (Suspended!),BURLESON,TX,76028
B & W WRECKER SERVICE,,0570142VSF (Suspended!),BURLESON,TX,76028
"B & W WRECKER SERVICES, LLC",,006599918C,LILLIAN,TX,76061
"B & W WRECKER SERVICES, LLC",,0660073VSF,LILLIAN,TX,76061
B&B AND SONS WRECKER SERVICE LLC,B&B AND SONS WRECKER SERVICE LLC,0645668VSF (Insurance not applied !),RIO GRANDE CITY,TX,78582
B. I. G. WRECKER SERVICES,,006234163C,GRAND PRAIRIE,TX,75052
BALDE'S TIRE AND WRECKER SERVICE,,0655517VSF,EAGLE PASS,TX,78852
BANNER WRECKER SERVICE,,0000038048 (Expired!),PECOS,TX,79772
BARBEE WRECKER SERVICE INC,,0648634VSF,FORT STOCKTON,TX,79735
BARBEE WRECKER SERVICE INC,,006485304C,FORT STOCKTON,TX,79735
BARRERA WRECKER SERVICE LLC,,006569573C,CLEVELAND,TX,77328
"BARRY'S AUTO & WRECKER SERVICE, INC.",BARRYS,005052811C,DUNCANVILLE,TX,75116
BAYTOWN WRECKER SERVICE INC,BAYTOWN COLLISION CENTER,006503369C,LEAGUE CITY,TX,77573
"BB'S WRECKER SERVICE, LLC",,006557352C,SARITA,TX,78385
BCD WRECKER SERVICE,,006409638C (Expired!),CHANNELVIEW,TX,77530
BENSON BROS WRECKER SERVICE INC,,0647622VSF,COMMERCE,TX,75429
BENSON BROS WRECKER SERVICE INC,MORGANS WRECKER SERVICE,0656707VSF,COMMERCE,TX,75429
BENSON BROS WRECKER SERVICE INC.,MORGANS WRECKER SERVICE,006567062C,COMMERCE,TX,75429
BENSON BROS. WRECKER SERVICE INC.,,0646178VSF,COMMERCE,TX,75429
BENSON BROS. WRECKER SERVICE INC.,,0572249VSF,COMMERCE,TX,75429
"BENSON BROTHERS WRECKER SERVICE, INC.",,0000038013,COMMERCE,TX,75428
BERGER'S WRECKER SERVICE,,005286285C,LA GRANGE,TX,78945
BEST WRECKER LLC,,006564930C,CASTROVILLE,TX,78009
BIG DADDY'S WRECKER SERVICE LLC,,0658284VSF,HILLSBORO,TX,76645
BIG DADDY'S WRECKER SERVICE LLC,,006582853C,HILLSBORO,TX,76645
BIG JOHN'S WRECKER SERVICE LLC,LONGHORN WRECKER SERVICE,006076812C,WEATHERFORD,TX,76086
BIG JOHN'S WRECKER STORAGE FACILITY,LONGHORN WRECKER STORAGE FACILITY,0608106VSF,WEATHERFORD,TX,76086
"BIG STATE WRECKER & AUTO SALVAGE, INC.",BIG STATE WRECKER,005060951C,VICTORIA,TX,77901
"BIG STATE WRECKER & AUTO SALVAGE, INC.",BIG STATE WRECKER,0000293VSF,VICTORIA,TX,77901
BIG STATE WRECKERS LLC,BIG STATE WRECKERS,006554290C,SAN ANTONIO,TX,78221
BIG STATE WRECKERS LLC,BIG STATE WRECKERS,0655430VSF,SAN ANTONIO,TX,78221
BIGBIRD'S WRECKER SERVICE,,0644331VSF,LUMBERTON,TX,77657
BIGBIRD'S WRECKER SERVICE,,006430403C,LUMBERTON,TX,77657
BIGBIRD'S WRECKER SERVICE,,0648279VSF,LUMBERTON,TX,77657
BILL'S BODY SHOP AND WRECKER SERVICE,,0559270VSF,VALLEY MILLS,TX,76689
BIVIN'S WRECKER SERVICE,,0647383VSF,FORT WORTYH,TX,76106
BIVINS WRECKER SERVICE INC.,,005045840C,FORT WORTH,TX,76106
BLACKBURN WRECKER,,0646015VSF,SPUR,TX,79370
BLACKBURN WRECKER,,006434536C,SPUR,TX,79370
"BLUE AND WHITE WRECKER SERVICE, LLC",,006571274C,DALLAS,TX,75228
BOB DOUTHIT AUTOS WRECKER SERVICE INC.,,0642386VSF (Expired!),PAMPA,TX,79066
BRIAN'S WRECKER SERVICE,,005052491C (Expired!),PORT ARTHUR,TX,77642
BRIDGES WRECKER SERVICE,,0000400VSF (Expired!),CHILDRESS,TX,79201
BRONCO WRECKER SERVICE,,0651461VSF,EDINBURG,TX,78541
BROTHERS BODY SHOP & WRECKER SERVICE INC,AMERICAN TOWING,0646992VSF,PORT ARTHUR,TX,77642
BROTHERS BODY SHOP & WRECKER SERVICE INC,AMERICAN TOWING,006473054C,PORT ARTHUR,TX,77642
BROTHERS BODY SHOP & WRECKER SERVICE INC,AMERICAN TOWING,0648768VSF,PORT ARTHUR,TX,77642
"BUBBA'S WRECKER AND TRANSPORTATION, LLC",,006533112C,KILGORE,TX,75662
"BUBBA'S WRECKER AND TRANSPORTATION, LLC",,0657952VSF,KILGORE,TX,75662
"BUBBA'S WRECKER AND TRANSPORTATION, LLC",,0653764VSF,KILGORE,TX,75662
BUBIE'S WRECKER SERVICE,,0000039118,SAN ANTONIO,TX,78221
BUENTELLO WRECKER SERVICE LLC,,0653187VSF,ROSENBERG,TX,77471
BUENTELLO WRECKER SERVICE LLC,BUENTELLO WRECKER SERVICE LLC,0651156VSF,RICHMOND,TX,77469
BUENTELLO WRECKER SERVICE LLC,,006494762C,ROSENBERG,TX,77471
BUENTELLO WRECKER SERVICE LLC,,0655656VSF,ROSENBERG,TX,77471
BUENTELLO WRECKER SERVICE LLC,,0657278VSF,ROSENBERG,TX,77471
BUENTELLO WRECKER SERVICE LLC,,0658687VSF,RICHMOND,TX,77469
BURDEN'S AUTO & WRECKER SERVICE,BURDEN'S AUTO & WRECKER SERVICE,005203588C,BURKBURNETT,TX,76354
BUSH WRECKER SERVICE,,0000037750,LEVELLAND,TX,79336
BUSH WRECKER SERVICE,,0644388VSF,LEVELLAND,TX,79336
BUSSE WRECKER SERVICE LLC,,006501287C,NAVASOTA,TX,77868
BUSSE WRECKER SERVICE LLC,,0653871VSF,NAVASOTA,TX,77868
C E CEDAR PARK WRECKER SERVICE INC,,0656770VSF (Suspended!),CEDAR PARK,TX,78630
CANTU WRECKERS,,005047540C,EAGLE PASS,TX,78852
CAPITAL WRECKER INC,,0658814VSF (Suspended!),SAN BENITO,TX,78586
CAPITAL WRECKER SERVICE LLC,ZAK'S TOWING,006555802C,MCKINNEY,TX,75070
"CAPITAL WRECKER, INC",,006559253C,SAN BENITO,TX,78586
"CAPITAL WRECKER, INC",,0659161VSF,SAN BENITO,TX,78586
"CASA VIEW WRECKER SERVICE,LLC",CASA VIEW WRECKER SERVICE,005161954C,MESQUITE,TX,75150
CASEY'S WRECKER SERVICE,,005031249C (Expired!),EULESS,TX,76040
CASTRO'S WRECKER SERVICE,,005450148C,FORT WORTH,TX,76164
CATHEY WRECKER SERVICE LLC,,006590991C,ROWLETT,TX,75088
CATHEY WRECKER SERVICE LLC,,0659100VSF,ROWLETT,TX,75088
CATRACHO'S WRECKER CORPORATION,,006490229C,HOUSTON,TX,77093
CC WRECKER SERVICE,,0657320VSF,CORPUS CHRISTI,TX,78468
CC WRECKER SERVICES,,006497854C,CORPUS CHRISTI,TX,78468
CE CEDAR PARK WRECKER SERVICE INC,CEDAR PARK WRECKER SERVICE,0651166VSF (Suspended!),CEDAR PARK,TX,78630
CE CEDAR PARK WRECKER SERVICE INC.,CPW SERVICE,005963982C (Expired!),CEDAR PARK,TX,78630
"CE CEDAR PARK WRECKER SERVICE,INC.",,0596469VSF (Suspended!),CEDAR PARK,TX,78630
CENTRAL WRECKER,,005527205C,PALMVIEW,TX,78574
CHARLIE HINDS WRECKER SERVICE INC,,0653427VSF,PASADENA,TX,77503
CHARLIE HINDS WRECKER SERVICE INC.,CHARLIE HINDS WRECKER SERVICE,0641846VSF,PASADENA,TX,77503
CHARLIE HINDS WRECKER SERVICE INC.,CHARLIE HINDS WRECKER SERVICE,005151713C,PASADENA,TX,77503
CHARLIE'S WRECKER SERVICE,,005054761C,THREE RIVERS,TX,78071
CHARLIE'S WRECKER SERVICE & STORAGE FAC,,0642455VSF,THREE RIVERS,TX,78071
CHARLIE'S WRECKER SERVICE LLC,CHARLIE'S WRECKER SERVICE LLC,006505771C,CLIFTON,TX,76634
"CHARLIE'S WRECKER SERVICE, LLC",,0651201VSF,CLIFTON,TX,76634
CHAVEZ WRECKER SERVICE,,006433936C,MERCEDES,TX,78570
CHEROKEE WRECKER SERVICE,,006509152C (Expired!),JACKSONVILLE,TX,75766
CHESNUT WRECKER SERVICE,,0524263VSF (Expired!),STRAWN,TX,76475
CHESNUT WRECKER SERVICE,,005301216C,STRAWN,TX,76475
CHINOS WRECKERS LLC,,006573196C,BROWNSVILLE,TX,78521
CHINOS WRECKERS LLC,,0657688VSF,BROWNSVILLE,TX,78526
CHOTE'S WRECKER SERVICE INC,,006564559C,AUSTIN,TX,78703
CHUCK'S WRECKER SERVICE,,0000036522,BEAUMONT,TX,77701
"CHUCK'S WRECKER SERVICE, INC.",,0513643VSF,BEAUMONT,TX,77701
CINDY'S WRECKER SERVICE LLC,,006534372C,FALFURRIAS,TX,78355
CINDY'S WRECKER SERVICE LLC,,0653438VSF,FALFURRIAS,TX,78355
CINDY'S WRECKER SERVICE LLC,,0653439VSF,FALFURRIAS,TX,78355
CINDY'S WRECKER SERVICE LLC,,0653440VSF (Expired!),FALFURRIAS,TX,78355
CINDY'S WRECKER SERVICE LLC,,0653441VSF,FALFURRIAS,TX,78355
CINDY'S WRECKER SERVICE LLC,,0658455VSF (Expired!),FALFURRIAS,TX,78355
CISCO WRECKER SRVC TOWING & RECOVERY LLC,,006554821C,CISCO,TX,76437
CISCO WRECKER SRVC TOWING & RECOVERY LLC,,0655483VSF,CISCO,TX,76437
CITY BODY WRECKER SERVICE,,006507491C,HUGO,OK,74743
CITY WRECKER,RICARDO RIOS JR DBA CITY WRECKER,0565254VSF,BROWNSVILLE,TX,78526
CITY WRECKER,,005667219C,BROWNSVILLE,TX,78526
CLARK'S AUTO PARTS & WRECKER SERVICE,,0514813VSF,SAN ANGELO,TX,76903
CLARK'S AUTO PARTS & WRECKER SERVICE,,005016288C,SAN ANGELO,TX,76903
COBB'S BODY SHOP & WRECKER SERVICE,,005760782C,NAPLES,TX,75568
COBB'S BODY SHOP & WRECKER SERVICE,,0576079VSF,NAPLES,TX,75568
COLE'S GARAGE & WRECKER SER,,0581985VSF,MARSHALL,TX,75670
COLE'S WRECKER SERVICE,,005248882C,FULSHEAR,TX,77441
COLLISION CENTER WRECKER SERVICE,,0560205VSF,PHARR,TX,78577
COLLISION CENTER WRECKER SERVICE,,005606853C,PHARR,TX,78577
COLOMBIA WRECKER SERVICE,COL WRECKER,005688813C,HOUSTON,TX,77063
COME AND TAKE IT WRECKER LLC,BROTHERZ TOWING & RECOVERY,006577951C,WILLS POINT,TX,75169
COME AND TAKE IT WRECKER LLC,BROTHERZ TOWING & RECOVERY,0658705VSF,WILLS POINT,TX,75169
"COMMERCIAL WRECKER SERVICE, INC.",COMMERCIAL WRECKER,005701995C,SAN ANTONIO,TX,78283
CORTEZ WRECKER SERVICE,,0535295VSF,PHARR,TX,78577
CORTEZ WRECKER SERVICE,,006467772C,PHARR,TX,78577
COYIN WRECKER SERVICE LLC,,006576570C,HOUSTON,TX,77017
"CROSSFIRE WRECKER SERVICE, INC",,0650679VSF,GEORGE WEST,TX,78022
"CROSSFIRE WRECKER SERVICE, INC.",,006504280C,GEORGE WEST,TX,78022
CROSSROADS WRECKER SERVICE,,0000037499,HOUSTON,TX,77018
CROWN WEST WRECKER II,,0646308VSF,HEMPSTEAD,TX,77445
CROWN WRECKER SERVICE INC,,0654272VSF,RICHMOND,TX,77469
CROWN WRECKER SERVICE INC,,006542730C,RICHMOND,TX,77469
D & E WRECKER SERVICE,,006419567C,RIO GRANDE,TX,78582
D & S WRECKER AND SERVICE,,0651133VSF,CARTHAGE,TX,75633
D & T WRECKER LLC,,006412151C,HARWOOD,TX,78632
D & T WRECKER LLC,,0641216VSF,HARWOOD,TX,78632
D & T WRECKER LLC,,0655531VSF,HARWOOD,TX,78632
D.C. WRECKER,,005058861C,CYPRESS,TX,77429
DAMON'S WRECKER SERVICE,,005066662C,CAMERON,TX,76520
DAMON'S WRECKER SERVICE,DAMON'S WRECKER SERVICE,0647972VSF,CAMERON,TX,76520
"DAN WHEELER WRECKER SERVICE, INC.",,0000030383,CENTERVILLE,TX,77206
DAN'S WRECKER SERVICE,,005844191C,MAXWELL,TX,78656
DANNY'S WRECKER SERVICE INC.,,0000037523,ALICE,TX,78332
"DANNY'S WRECKER SERVICE, INC.",,0000557VSF (Expired!),ALICE,TX,78332
DAVE'S HI-WAY WRECKER SERVICE INC.,,0593307VSF,GRAND PRAIRIE,TX,75050
DAVE'S HI-WAY WRECKER SERVICE.INC,,005316007C,GRAND PRAIRIE,TX,75050
DAVID & SON WRECKER,,005053521C,HOUSTON,TX,77093
DE LA ROSA WRECKING,,0600095VSF,PHARR,TX,78577
DE LA ROSA WRECKING,,006452228C,PHARR,TX,78577
DE LEON WRECKER SERVICE,,006429953C,RIO BRAVO,TX,78046
DE LEON WRECKER SERVICE,,0642996VSF,RIO BRAVO,TX,78046
DERWRECK'S,,006556022C (Expired!),EDNA,TX,77957
DERWRECKS,,0655603VSF (Expired!),EDNA,TX,77957
DEXTER'S WRECKER SERVICES,DEXTER'S WRECKER SERVICES,006468082C (Insurance not applied !),HOUSTON,TX,77060
DIAMANTE WRECKER SERVICE,,006435887C (Expired!),CYPRESS,TX,77429
DIAMANTE WRECKER SERVICE LLC,,006596184C,CYPRESS,TX,77429
DIAZ & SON'S WRECKER SERVICE LLC,,006598707C,SAN JUAN,TX,78589
DMWRECKERSERVICESINC,,006532171C,FORT WORTH,TX,76164
DON'S AUTO SALVAGE & WRECKER SERVICE,,005030819C,PINELAND,TX,75968
DON'S AUTO SALVAGE & WRECKER SERVICE,,0000751VSF,PINELAND,TX,75968
"DOUTHIT, BOB AUTOS WRECKER SERVICE, INC",,005730487C,PAMPA,TX,79066
"DOUTHIT, BOB AUTOS, WRECKER SERVICE, INC",,0573044VSF (Expired!),PAMPA,TX,79066
DOWNTOWN WRECKER SERVICE INC.,,005057481C (Suspended!),HOUSTON,TX,77003
E&L WRECKER SERVICE LLC,,006595754C,CHANNELVIEW,TX,77530
EARL'S WRECKER SERVICE INC.,LONE STAR TOWING,005039420C,FORT WORTH,TX,76106
EARL'S WRECKER SERVICE INC.,LONE STAR TOWING,0647382VSF,FORT WORTH,TX,76106
"ED'S GARAGE & A-1 WRECKER SERVICE, INC.",,0000037705 (Expired!),ENNIS,TX,75120
"EDDIE'S WRECKER SERVICE, LLC",FAST EDDIES WRECKER SERVICE,006530760C,FORT WORTH,TX,76179
EMERGENCY PERFORMANCE WRECKER SERVICE,,005022778C,HOUSTON,TX,77234
ERVIN GARAGE & WRECKER SERVICE,,0641013VSF,DIANA,TX,75640
ERVIN WRECKER SERVICE,,006410129C,DIANA,TX,75640
"ESCALERA WRECKER, INC.",,005482591C,MISSION,TX,78573
"ESCALERA WRECKER, INC.",,0548371VSF,MISSION,TX,78572
ESCAMILLA WRECKER SERVICE INC.,ESCAMILLA WRECKER SERVICE,005454058C,HEBBRONVILLE,TX,78361
ESPINOZA WRECKER SERVICE,ESPINOZA WRECKER SERVICE,006403204C,PASADENA,TX,77502
"EULESS WRECKER SERVICE, INC.",EULESS B&B WRECKER SERVICE,0001090VSF,EULESS,TX,76040
"EULESS WRECKER SERVICE, INC.",EULESS B&B WRECKER SERVICE,005063462C,EULESS,TX,76040
"EXTREME TOWING & WRECKER, LLC.",,0660033VSF (Pending Review!),EL PASO,TX,79901
FAZ WRECKER SERVICE,,005826248C,DALLAS,TX,75223
FEFO'S WRECKER SERVICE,,005968593C,DALLAS,TX,75220
FERNANDEZ AND SONS WRECKER SERVICE LLC,,006559314C,WALLIS,TX,77485
FINCHERS WRECKER SERVICE LLC,FINCHERS WRECKER SERVICE,006521312C (Suspended!),GATESVILLE,TX,76528
FINCHERS WRECKER SERVICE LLC,FINCHERS WRECKER SERVICE LLC,0652132VSF (Suspended!),GATESVILLE,TX,76528
FIVE STAR WRECKER SERVICE INC,,0653339VSF,BOERNE,TX,78006
"FIVE STAR WRECKER SERVICE, INC.",,005015678C,BOERNE,TX,78006
"FM 600 WRECKING, INC.",,005040190C,ABILENE,TX,79601
FOUR BODY SHOP & WRECKER SERVICE LLC,,006553149C,CARRIZO SPRINGS,TX,78834
FOUR BODY SHOP & WRECKER SERVICE LLC,,0655315VSF,CARRIZO SPRINGS,TX,78834
"FUZION WRECKER & CRANE SERVICES, LLC",,006555251C,LAREDO,TX,78045
GARCIA WRECKER SERVICE,,005119798C,PALMVIEW,TX,78574
GARCIA WRECKER SERVICE,,0595382VSF,PALMVIEW,TX,78574
GARCIA'S WRECKER,,006110675C,ANGLETON,TX,77515
GARCIA'S WRECKER SERVICE,,0611068VSF (Expired!),ANGLETON,TX,77515
GARCIA'S WRECKER SERVICE LLC,GARCIA'S WRECKER SERVICE,006471903C,SEGUIN,TX,78155
GARCIA'S WRECKER SERVICE LLC,GARCIA'S WRECKER SERVICE,0647191VSF,SEGUIN,TX,78155
GARRETT'S WRECKER SERVICE,,006264476C,CARTHAGE,TX,75633
GARRETT'S WRECKER SERVICE,,0626836VSF (Expired!),CARTHAGE,TX,75633
GARRETTS WRECKER SERVICE,G L TOWING,006492841C (Suspended!),CARTHAGE,TX,75633
GARRETTS'S WRECKER,LAGRONE'S TOWING AND TRANSPORT,006468521C,CARTHAGE,TX,75633
GASTON WRECKER SERVICE AND STORAGE LLC,,0656065VSF,CHAPPELL HILL,TX,77426
"GASTON WRECKER SERVICE AND STORAGE, LLC",,0654461VSF (Suspended!),CHAPPELL HILL,TX,77426
GASTONWRECKERSERVICEANDSTORAGELLC,,006559444C,CHAPPELL HILL,TX,77426
GATEWAY WRECKER SERVICE LLC,GATEWAY WRECKER SERVICE,006575719C,DIBOLL,TX,75941
"GENE'S WRECKER, TIRE & TRUCK REPAIR, LLC",,0657482VSF,EL CAMPO,TX,77437
"GENE'S WRECKER, TIRE & TRUCK REPAIR, LLC",,005673470C,EL CAMPO,TX,77437
GILLIE'S WRECKER SERVICE,,005007638C,GALENA PARK,TX,77547
GILLIE'S WRECKER SERVICE,,0000798VSF,GALENA PARK,TX,77547
GILLS WRECKER SERVICE,,0000690VSF,SABINAL,TX,78881
GILLS WRECKER SERVICE,,0000036629,SABINAL,TX,78881
GLOBAL WRECKER AND RECOVERY SERVICES,GLOBAL WRECKER AND RECOVERY SERVICES,0646892VSF,EDINBURG,TX,78540
"GOODMAN & SON WRECKER SERVICE, LLC",,006598727C,FRANKSTON,TX,75763
"GOODMAN & SON WRECKER SERVICE, LLC",,0659873VSF,FRANKSTON,TX,75763
GOODRUM WRECKER SERVICE LLC,,0000037215,VERNON,TX,76385
GOODRUM WRECKER SERVICE LLC,,0581759VSF,VERNON,TX,76385
GOVAN GARAGE & WRECKER SERVICE LLC,,006525685C,GIDDINGS,TX,78942
GOVAN GARAGE & WRECKER SERVICE LLC,,0652602VSF,GIDDINGS,TX,78942
"GRAHAM'S WRECKER SERVICE, INC.",,0000862VSF,CARROLLTON,TX,75006
"GRAHAM'S WRECKER SERVICE, INC.",,0000037667,CARROLLTON,TX,75006
"GRAHAM'S WRECKER SERVICE, INC.",,0564188VSF,CARROLLTON,TX,75006
GRAND PARKWAY WRECKER SERVICE LLC,,0658999VSF (Expired!),RICHMOND,TX,77407
GRAND PARKWAY WRECKER SERVICE LLC,,0658372VSF (Insurance not applied !),RICHMOND,TX,77407
GRAND PARKWAY WRECKER SERVICE LLC,,006583734C,RICHMOND,TX,77469
"GRAND PARKWAY WRECKER SERVICE, LLC",,0660046VSF,RICHMOND,TX,77469
GRANGER'S WRECKER SERVICE,,0642062VSF,NEDERLAND,TX,77627
GRANGERS WRECKER SERVICE,GRANGERS WRECKER SERVICE,0647404VSF,NEDERLAND,TX,77627
GREG'S WRECKER SERVICE LLC,,006547133C,AUSTIN,TX,78747
GRITTEN WRECKER SERVICE,GRITTEN WRECKER SERVICE,006588399C (Expired!),WACO,TX,76705
GRITTEN WRECKER SERVICE,GRITTEN WRECKER SERVICE,0658840VSF (Suspended!),WACO,TX,76705
GUILLORY'S WRECKER SERVICE,,005253872C,BEAUMONT,TX,77705
GUILLORY'S WRECKER SERVICE,,0525176VSF,BEAUMONT,TX,77705
"GUN BARREL WRECKER SERVICE, INC.",,0000037326,MABANK,TX,75147
"GUN BARREL WRECKER SERVICE, INC.",,0522646VSF,MABANK,TX,75147
GUY SIMONS WRECKER SERVICE,,0647384VSF,FORT WORTH,TX,76106
H & F WRECKER INC,H & F WRECKER INC,006499635C,POINT,TX,75472
H & L WRECKER SERVICE,LORI HOBBS,006551848C (Expired!),ATLANTA,TX,75551
H & L WRECKER SERVICE,,006540768C,RIO GRANDE CITY,TX,78582
H &F WRECKER INC,,0653927VSF (Suspended!),POINT,TX,75472
H &F WRECKER INC,,0657781VSF,POINT,TX,75472
H&F WRECKER INC,,0651725VSF,POINT,TX,75472
"HAINES WRECKER SERVICE, LLC",HAINES & SON WRECKER SERVICE,006429573C,ELK CITY,OK,73644
HARGROVE WRECKER AND STORAGE,,005030239C,PORTER,TX,77365
HARGROVE WRECKER AND STORAGE,,0572731VSF,PORTER,TX,77365
HARRISON WRECKER SERVICE,,006410159C,LIVINGSTON,TX,77351
HARWOOD WRECKER LLC,,006544432C (Expired!),LIVINGSTON,TX,77351
HARWOOD WRECKER LLC,,0654446VSF (Expired!),LIVINGSTON,TX,77351
HAWARA AUTO WRECKER,,005149362C,HOUSTON,TX,77041
HAWK WRECKER & AUTO,HAWK WRECKER & AUTO,0655279VSF (Dismissed!),BEAUMONT,TX,77706
"HECTOR'S WRECKER SERVICE, INC.",HECTOR'S WRECKER SERVICE,0609584VSF (Pending Review!),PECOS,TX,79772
HEREFORD WRECKER SERVICE,,005755561C,HEREFORD,TX,79045
HERNANDEZ WRECKER,HERNANDEZ WRECKER,0649617VSF,UVALDE,TX,78801
"HESTER'S WRECKER SERVICE, INC.",,005061281C,MESQUITE,TX,75150
"HESTER'S WRECKER SERVICE, INC.",,0000891VSF,MESQUITE,TX,75150
HIDDEN VALLEY WRECKER INC,,006494061C,HOUSTON,TX,77037
HIGHLAND SAFETY WRECKER SERVICE LLC,,0659580VSF,KINGSLAND,TX,78639
"HIGHLAND SAFETY WRECKER SERVICE, LLC",,006595794C,KINGSLAND,TX,78639
HOLLANDS WRECKER SERVICE,,006435727C,PEARLAND,TX,77581
HOLT WRECKER OF BROWNSBORO,,0647833VSF,BROWNSBORO,TX,75756
HOLT WRECKER OF BROWNSBORO,,006464930C,BROWNSBORO,TX,75756
HOLT WRECKER SERVICE,,006041248C (Expired!),ATHENS,TX,75751
HOLT WRECKER SERVICE,,0604125VSF (Insurance not applied !),ATHENS,TX,75751
HOLT WRECKER SERVICE LLC,,006598377C,ATHENS,TX,75751
HOLT WRECKER SERVICE LLC,,0659838VSF,ATHENS,TX,75751
HOMER'S WRECKER SERVICE,,005248532C,HOUSTON,TX,77087
HOOK 'EM UP WRECKER SERVICE INC,,006545581C,KILLEEN,TX,76549
HOOK 'EM UP WRECKER SERVICE INC,,0654559VSF,KILLEEN,TX,76549
HOOK EM UP WRECKER SERVICE,,0648539VSF,DENISON,TX,75020
HUMBLE WRECKER SERVICE,,005035759C,HUMBLE,TX,77396
HWY 90 WRECKER SERVICE LLC,HWY 90 WRECKER SERVICE,006444583C,DAYTON,TX,77535
"I-45 NORTH WRECKER SERVICE, INC.",,005040050C,CONROE,TX,77305
"I-45 NORTH WRECKER SERVICE, INC.",,0594218VSF,CONROE,TX,77305
IMPERIAL WRECKER SERVICE INC,,0657797VSF (Expired!),ROSENBERG,TX,77471
IMPERIAL WRECKER SERVICE INC,,0658663VSF,ROSENBERG,TX,77471
IMPERIAL WRECKER SERVICE INC.,,0643649VSF,SUGARLAND,TX,77498
IMPERIAL WRECKER SERVICE INC.,,006410279C,SUGAR LAND,TX,77498
"IMPERIAL WRECKER, LLC",,006588839C,SAN ANTONIO,TX,78210
INTEGRITY WRECKER & RECOVERY LLC,,0658645VSF,DECATUR,TX,76234
INTEGRITY WRECKER & RECOVERY LLC,,006573377C,DECATUR,TX,76234
IRVAN J. WRECKER SERVICE,,005591631C,MAGNOLIA,TX,77355
"IRVING WRECKER SERVICE, INC",,006480982C,GARLAND,TX,75043
ISAACS WRECKER SERVICE,,0641285VSF,TYLER,TX,75709
ISAACS WRECKER SERVICE,"ISAACS WRECKER SERVICE, LLC",005512904C,TYLER,TX,75709
ISAACS WRECKER SERVICE LLC,,0656242VSF,TYLER,TX,75709
ISAACS WRECKER SERVICE LLC,,0656243VSF,TYLER,TX,75709
ISAACS WRECKER SERVICE LLC,,0656244VSF,TYLER,TX,75709
ISAACS WRECKER SERVICE LLC,,0657142VSF,TYLER,TX,75709
ISAACS WRECKER SERVICE LLC,,0655449VSF,TYLER,TX,75709
"ISAACS WRECKER SERVICE, L.L.C.",,0657045VSF,TYLER,TX,75709
"ISAACS WRECKER SERVICE, L.L.C.",,0657046VSF,TYLER,TX,75709
ISMAEL'S WRECKER SERVICE LLC,,006512995C,ROSENBERG,TX,77471
ISMAEL'S WRECKER SERVICE LLC,ISMAEL'S WRECKER SERVICE,0651300VSF,ROSENBERG,TX,77471
"J & I WRECKER SERVICE, LLC","ECONOMY TOWING, LLC",006547203C (Expired!),SARITA,TX,78385
J & J WRECKER SERVICE,,005031379C,CLEVELAND,TX,77328
J & J WRECKER SERVICE,,0000254VSF,CLEVELAND,TX,77328
J & K WRECKER SERVICE LLC,,006467461C (Expired!),TATUM,NM,88267
"J & L WRECKER SERVICE, INC.",J & N WRECKER SERVICE,0001041VSF,GLENN HEIGHTS,TX,75123
"J & M WRECKER SERVICE, INC.",,0514934VSF,CLUTE,TX,77531
"J & M WRECKER SERVICE, INC.",,0000037752,CLUTE,TX,77531
J & S WRECKER SERVICE LLC,J&S TOWING,006590511C,WALLISVILLE,TX,77597
J & S WRECKER SERVICE LLC,,0659052VSF,WALLISVILLE,TX,77597
J & S WRECKER SERVICE LLC,J & S TOWING,0659053VSF,WALLISVILLE,TX,77597
J & S WRECKER SERVICE LLC,J & S TOWING,0659054VSF,WALLISVILLE,TX,77597
J FLORES WRECKING ENTERPRISES INC,FLORES WRECKER & TOWING,0643157VSF,ABILENE,TX,79601
J FLORES WRECKING ENTERPRISES INC.,FLORES WRECKER & TOWING,006095374C,ABILENE,TX,79601
"J J WRECKER SERVICE, LLC",,006558413C,GARCIASVILLE,TX,78547
J WRECKER LLC,,006603461C,PLANO,TX,75024
J&I WRECKER SERVICE LLC,FALFURRIAS STORAGE FACILITY,0648169VSF,SARITA,TX,78385
"J&I WRECKER SERVICE, LLC",,006565240C,SARITA,TX,78385
J&J WRECKER SERVICES LLC,,0659560VSF,HOUSTON,TX,77084
J&J WRECKER SERVICES LLC,,006584235C,HOUSTON,TX,77084
J-N WRECKER SERVICE,J&N WRECKER SERVICE,005044950C,RED OAK,TX,75154
J. J. WRECKER SERVICE,,0547669VSF,GARCIASVILLE,TX,78547
J.D.'S WRECKER SERVICE,J.D.'S WRECKER SERVICE,0549427VSF,ANSON,TX,79501
J.D.'S WRECKER SERVICE,J.D.'S WRECKER SERVICE,005064612C,ANSON,TX,79501
"J.D.S. WRECKER,INC.",,0532342VSF,KERRVILLE,TX,78028
"J.D.S. WRECKER,INC.",,005318907C,KERRVILLE,TX,78028
J.M.J WRECKING YARD AND STORAGE FACILITY,,0657077VSF,WACO,TX,76705
J.M.J WRECKING YARD AND STORAGE FACILITY,,006570784C,WACO,TX,76705
JACK'S WRECKER SERVICE,,005953581C,HOUSTON,TX,77060
JACKSON'S WRECKER SERVICE LLC,,006423238C (Expired!),KATY,TX,77494
JACKSON'S WRECKER SERVICE LLC,,0652918VSF (Expired!),KATY,TX,77494
JACKSON'S WRECKER SERVICE LLC,,0658395VSF (Expired!),KATY,TX,77494
JC WRECKER SERVICE LLC,J.C. AUTO COLLISION,005770763C,MANVEL,TX,77578
JC'S WRECKER SERVICE,JC'S WRECKER SERVICE,0646959VSF,EDINBURG,TX,78540
JIMBOS WRECKER SERVICES LLC,JIMBO'S WRECKER SERVICE,006428732C,HOUSTON,TX,77015
JO'S WRECKER SERVICE LLC,JO'S WRECKER SERVICE,006416795C,DAYTON,TX,77535
JOE'S WRECKER,,0631082VSF,BIG SANDY,TX,75765
JOE'S WRECKER,,005017048C,BIG SANDY,TX,75755
JOHNNY ADAMICK 'S WRECKER SERVICE,,006409588C,WILLIS,TX,77378
JOHNNY ADAMICK WRECKER SERVICE LLC,,0644933VSF,WILLIS,TX,77378
JOHNNY WRECKER SERVICE,,006488497C,DALLAS,TX,75236
JOHNNY'S WRECKER SERVICE,,0537098VSF,UNIVERSAL CITY,TX,78148
JOHNNY'S WRECKER SERVICE,"JOHNNY'S WRECKER SERVICE,LLC",005417956C,UNIVERSAL CITY,TX,78148
JONES AUTOMOTIVE & WRECKER SERVICE,,0000038042,KAUFMAN,TX,75142
JORGE LOPEZ DBA LULU'S WRECKER SERVICE,,005079794C,HOUSTON,TX,77015
JOVEL WRECKER SERVICE,,006434857C,HOUSTON,TX,77091
JR'S WRECKER SERVICE,,005946950C,PHARR,TX,78577
JR'S WRECKER SERVICE LLC,,006479390C,ROMA,TX,78584
JR'S WRECKER SERVICE LLC,,0647947VSF,ROMA,TX,78584
JTS WRECKER & RECOVERY LLC,,0658445VSF,MIDLAND,TX,79706
"JUAN'S WRECKER & TRUCK ROAD SERVICE, LLC",,006506152C,SARITA,TX,78385
"JUAN'S WRECKER & TRUCK ROAD SERVICE, LLC",,0599558VSF,SARITA,TX,78385
"JV'S WRECKER, LLC.",JVS WRECKER SERVICES,005157703C (Insurance not applied !),MARTINDALE,TX,78655
K & K WRECKER,,005221628C,HOUSTON,TX,77039
KELLY MCKNIGHT WRECKER SERVICE INC,,0000030030,ARLINGTON,TX,76011
KELLY MCKNIGHT WRECKER SERVICE INC,,0606565VSF (Expired!),ARLINGTON,TX,76004
"KELLY MCKNIGHT WRECKER SERVICE, INC.",,0000637VSF (Expired!),ARLINGTON,TX,76004
KEMP'S WRECKER SERVICE LLC,,006426420C,DECATUR,TX,76234
KEMP'S WRECKER SERVICE LLC,,0642693VSF,DECATUR,TX,76234
KEYS WRECKER SERVICE,,005168084C,CHANNELVIEW,TX,77530
KRESTA WRECKER SERVICE,,006457833C (Expired!),WHARTON,TX,77488
KYA WRECKER SERVICES,,006440660C,HOUSTON,TX,77055
L & P WRECKER SERVICE,,005148932C,PALESTINE,TX,75802
L. AVILEZ WRECKER SERVICE,,006429482C,CLEVELAND,TX,77328
LA FERIA WRECKER SER.,,0000030169,LA FERIA,TX,78559
LA MARQUE AUTO SALVAGE/BEST WRECKER,,0507860VSF,LA MARQUE,TX,77568
LA MARQUE AUTO SALVAGE/BEST WRECKER,,0535633VSF,LA MARQUE,TX,77568
"LADS WRECKER SERVICE, INC.",,005056351C,LUBBOCK,TX,79408
"LADS WRECKER SERVICE, INC.",,0001214VSF (Expired!),LUBBOCK,TX,79408
LAKESIDE WRECKER AUTOPLEX LLC,,006598517C,MATHIS,TX,78368
LAKESIDE WRECKER AUTOPLEX LLC,,0659852VSF,MATHIS,TX,78368
LAKESIDE WRECKER LLC,,006587838C,MATHIS,TX,78368
LAKESIDE WRECKER LLC,,0659002VSF (Insurance not applied !),MATHIS,TX,78368
LAMARQUE AUTO SALVAGE/ BEST WRECKER,,000072777C,LA MARQUE,TX,77568
LANDON'S HEAVY WRECKER SERVICE,,0617873VSF,PEARLAND,TX,77581
LANDONS HEAVY WRECKER SERVICE,,006178540C,PEARLAND,TX,77581
LARRY'S WRECKER SERVICE,,0642325VSF,RICHMOND,TX,77406
LARRY'S WRECKER SERVICE,ENRIQUE A AVILA JR,005063592C,RICHMOND,TX,77406
LEAD WRECKER AND RECOVERY LLC,,0654851VSF,ODESSA,TX,79761
LEAD WRECKER AND RECOVERY LLC,,006540398C,ODESSA,TX,79761
LEAD WRECKER LLC,LEAD WRECKER LLC,006575979C,ODESSA,TX,79761
LEO'S WRECKER SERVICE AND STORAGE,,005143472C,DEL RIO,TX,78840
LEO'S WRECKER SERVICE AND STORAGE,,0619493VSF,DEL RIO,TX,78840
LEO'S WRECKER SERVICE LLC,,006589660C,KATY,TX,77449
"LIGGIO'S WRECKER SERVICE, INC",,0550185VSF,DICKINSON,TX,77539
"LIGGIO'S WRECKER SERVICE, INC.",,0000039359 (Expired!),DICKINSON,TX,77539
LINDALE WRECKER SERVICE,,006439949C,HOUSTON,TX,77093
LOBO WRECKER SERVICE,,006436958C,RIO GRANDE,TX,78582
LOLO & SONS WRECKER SERVICE,,005020438C,VAN HORN,TX,79855
LONDON'S WRECKER SERVICE,,0632267VSF (Expired!),LONGVIEW,TX,75601
LONDON'S WRECKER SERVICE,,006009217C (Suspended!),LONGVIEW,TX,75601
LOPEZ WRECKER SERVICE,,005573608C,GARCIASVILLE,TX,78547
LOS CAMPIONES WRECKER SERVICE LLC,,006560265C (Expired!),HOUSTON,TX,77067
LUBBOCK WRECKER SERVICE INC,,0000030950,LUBBOCK,TX,79408
LUBBOCK WRECKER SERVICE INC.,,0659715VSF,LUBBOCK,TX,79452
"LUBBOCK WRECKER SERVICE, INC.",,0000635VSF,LUBBOCK,TX,79452
"LUBBOCK WRECKER SERVICE, INC.",,0596611VSF,LUBBOCK,TX,79452
LUCKY 13 WRECKER SERVICE LLC,,006571875C,AUSTIN,TX,78731
LUPE'S WRECKER SERVICE,,005961172C,BROWNSVILLE,TX,78521
LUPE'S WRECKER SERVICE,,0593486VSF,BROWNSVILLE,TX,78521
LYNKUP WRECKER SERVICE INC,,006579642C (Suspended!),ABILENE,TX,79603
LYNKUP WRECKER SERVICE INC,,0658006VSF (Suspended!),ABILENE,TX,79603
M & M WRECKER SERVICE AND AUTO SALES INC,,006433335C,LAREDO,TX,78041
M&R WRECKER & RECOVERY INC.,,006509283C (Expired!),ABILENE,TX,79603
M.D. WILSON WRECKER SERVICE,,006460865C,MISSOURI CITY,TX,77489
MAINFRAME 24HR WRECKER SERVICE,,005783295C,DAYTON,TX,77535
MANJANG'S AUTO TECH & WRECKER LLC,,006522262C,DAINGERFIELD,TX,75638
MANJANG'S AUTO TECH & WRECKER LLC,,0652227VSF,DAINGERFIELD,TX,75638
"MARLOWS WRECKER SERVICE, LLC.",MARLOW'S WRECKER SERVICE,005996435C,KAUFMAN,TX,75142
"MARLOWS WRECKER SERVICE, LLC.",MARLOW'S WRECKER SERVICE,0654982VSF,KAUFMAN,TX,75142
MARSHALL WRECKER SERVICE,,005323657C,HOUSTON,TX,77016
MARTIN BOREN 24 HR WRECKER SER LLC,BOREN TO TOW,006476277C,CENTERVILLE,TX,75833
MARTIN BOREN 24 HR WRECKER SERVICE LLC,BOREN TO TOW,0648931VSF,CENTERVILLE,TX,75833
MARTINEZ WRECKER SERVICE,,005039740C,LAREDO,TX,78041
MARTINEZ WRECKER SERVICE,,0001169VSF,LAREDO,TX,78043
MAVERICK WRECKER AND RECOVERY LLC,,006587068C,BIG SPRING,TX,79720
MC WRECKER SERVICE LLC,,006568772C,GRAND PRAIRIE,TX,75052
MCW WRECKER LLC,,006570814C,BANDERA,TX,78003
MCW WRECKER LLC,,0657240VSF,BANDERA,TX,78003
MD WRECKER SERVICE,,005780884C,ARLIGNTON,TX,76017
MEGAN WRECKER SERVICE LLC,,006600519C,HOUSTON,TX,77049
MERCHANTS WRECKER SERVICE INC,MERCHANTS WRECKER SERVICE,0643933VSF,ALVIN,TX,77511
MERCHANTS WRECKER SERVICE INC,MERCHANTS WRECKER SERVICE,006424329C,ALVIN,TX,77511
METRO WRECKER LLC,METRO WRECKER,006600639C,SAN ANTONIO,TX,78251
MID TOWN WRECKER SERVICE,,006481671C (Expired!),HOUSTON,TX,77014
MID VALLEY WRECKER SERVICE,,005731738C,WESLACO,TX,78596
MID VALLEY WRECKER SERVICE,,0573207VSF,WESLACO,TX,78596
MIDWAY TOWING AND WRECKER LLC,,006562727C,EASTLAND,TX,76448
MIDWAY WRECKER SERVICE,,005307917C,KERRVILLE,TX,78028
MIDWAY WRECKER SERVICE,,0549722VSF,KERRVILLE,TX,78028
MIKE PURDOM'S WRECKER SERVICE,,005581739C,EASTLAND,TX,76448
MIKE PURDOM'S WRECKER SERVICE,,0651251VSF,EASTLAND,TX,76448
MIKE'S WRECKER SERVICE,,005574568C,RICHMOND,TX,77469
MIKE'S WRECKER SERVICE,,0595876VSF,RICHMOND,TX,77406
"MIKE'S WRECKING, INC",,005058021C (Expired!),ABILENE,TX,79601
MIKES WRECKER SERVICE,,005058431C,BREMOND,TX,76629
MIKES WRECKER SERVICE - MIKE MUZYKA,MIKES WRECKER SERVICE,0655590VSF (Pending Review!),BREMOND,TX,76629
MILLER & SON WRECKER SERVICE,,005062212C,HOUSTON,TX,77093
MILLER & SON WRECKER SERVICE & STORAGE,,0001156VSF,HOUSTON,TX,77093
MILLER'S WRECKER SERVICE,,005627946C,WEATHERFORD,TX,76085
MILSTEAD WRECKER SERVICES LLC,MSC TOWING,0652111VSF,CONROE,TX,77303
"MILSTEAD WRECKER SERVICES, LLC",,006507301C,CONROE,TX,77303
MIRAGE WRECKER SERVICE INC,,006462667C,DALLAS,TX,75207
"MISSION WRECKER SERVICE S.A., INC.",,005746509C,CONVERSE,TX,78109
"MISSION WRECKER SERVICE S.A., INC.",,0570027VSF,CONVERSE,TX,78109
MITCHEM WRECKER AND RECOVERY LLC,,006586728C,BIG SPRING,TX,79720
MITCHEM WRECKER AND RECOVERY LLC,,0658703VSF,BIG SPRING,TX,79720
MKM WRECKER SERVICE,,005360050C,SWEETWATER,TX,79556
MKM WRECKER SERVICE,,0542352VSF,SWEETWATER,TX,79556
MOMENTUM WRECKER SERVICE LLC,,006589580C (Expired!),SPRING,TX,77380
MORRIS WRECKER SERVICE LLC,,005466229C,ROSHARON,TX,77583
MORRIS WRECKING CREW LLC,,005993315C,COLORADO CITY,TX,79512
MORRIS WRECKING CREW LLC,,0599511VSF,COLORADO CITY,TX,79512
MOTORTOW WRECKER RECOVERY & TRANSPORT IN,,0654512VSF,NEW BOSTON,TX,75570
MOTORTOW WRECKER RECOVERY AND HEAVY HAUL,,006573607C,NEW BOSTON,TX,75570
MOTORTOW WRECKER RECOVERY TRANSPORT INC,,006534352C,NEW BOSTON,TX,75570
MR WRECKER LLC,,006531951C,KERRVILLE,TX,78029
MR WRECKER LLC,,0655723VSF,KERRVILLE,TX,78029
MR. ED WRECKER,,006182760C,HOUSTON,TX,77243
MURPHY'S 24-HR WRECKER SERVICE LLC,,006571184C,HAMILTON,TX,76531
MURPHY'S 24-HR WRECKER SERVICE LLC,,0657119VSF,HAMILTON,TX,76531
MUSTANG WRECKER SERVICE LLC,,006527678C,DALLAS,TX,75228
"N HARRIS AUTO STORAGE & WRECKER SVC, LLC",,0659722VSF,TOMBALL,TX,77375
N.E.S.W. WRECKER SERVICE LLC,,006476287C,HOUSTON,TX,77084
NEELEY'S SERVICE CENTER & WRECKER SVC,,006425300C,TEXARKANA,TX,75501
NEELEY'S SERVICE CENTER & WRECKER SVC,,0642596VSF,TEXARKANA,TX,75501
NEELEY'S SERVICE CENTER & WRECKER SVC,,0654528VSF,TEXARKANA,AR,71854
NEIRA'S WRECKING YARD,,006408178C,SAN ANGELO,TX,76905
NEWMAN'S WRECKER SERVICE,,005301776C,PALMER,TX,75152
NORMAN'S WRECKER SERVICE,,005052931C,BELTON,TX,76513
NORTH HOUSTON WRECKER SERVICE LLC,,006583914C (Pending Review!),CYPRESS,TX,77429
"NORTHPOINT WRECKER SERVICE, LLC",,006583194C (Insurance not applied !),PORTER,TX,77365
NORTHWAY WRECKER SERVICE INC,,006527938C,CYPRESS,TX,77429
NTX WRECKER SERVICE LLC,NTX WRECKER SERVICE,0649722VSF,ROWLETT,TX,75088
NTX WRECKER SERVICE LLC,NTX WRECKER SERVICE,006406837C,ROWLETT,TX,75088
O BAR WRECKER SERVICE LLC,,0655632VSF,ABILENE,TX,79604
O'BAR WRECKER SERVICE,O'BAR WRECKER SERVICE,0645329VSF (Expired!),ABILENE,TX,79604
O'BAR WRECKER SERVICE,,0000039322,ABILENE,TX,79604
OBAR WRECKER SERVCE LLC,,006556441C,ABILENE,TX,79604
OCHOA'S WRECKER SERVICE,,0659066VSF,GARCIASVILLE,TX,78547
OCHOA'S WRECKER SERVICE,,0594895VSF,GARCIASVILLE,TX,78547
OCHOA'S WRECKER SERVICE,,005917918C,GARCIASVILLE,TX,78547
ODESSA WRECKER SERVICE INC,,0642507VSF,ODESSA,TX,79764
ODESSA WRECKER SERVICE INC,,006425129C,ODESSA,TX,79764
OLD 181 WRECKER SERVICE LLC,,006586217C,KENEDY,TX,78119
OLD 181 WRECKER SERVICE LLC,,0658622VSF,KENEDY,TX,78119
ORELLANA'S AUTO WRECK YARD LLC,,006591542C,DALLAS,TX,75236
"ORR WRECKER & TOWING SERVICE, INC.",,0587130VSF,AUSTIN,TX,78737
"ORR WRECKER & TOWING SERVICE, INC.",,005715536C,AUSTIN,TX,78737
OSCAR'S WRECKER SERVICE,,005570308C,HOUSTON,TX,77022
PACKS WRECKER SERVICE,PACKS WRECKER SERVICE,005046660C,DUMAS,TX,79029
PACKS WRECKER SERVICE,PACKS WRECKER SERVICE,0001496VSF,DUMAS,TX,79029
PANHANDLE WRECKER SERVICE,,005028519C,CLARENDON,TX,79226
PANHANDLE WRECKER SERVICE,,0573619VSF,CLARENDON,TX,79226
PARKER COUNTY WRECKER SERVICE INC,AA WRECKER SERVICE,0657429VSF,WEATHERFORD,TX,76085
"PARKER COUNTY WRECKER SERVICE, INC",AA WRECKER SERVICE,005359350C,WEATHERFORD,TX,76085
PATRIOT WRECKER SERVICE,PATRIOT WRECKER SERVICE,0640554VSF (Expired!),BASTROP,TX,78602
PAUL'S WRECKER,,0583964VSF,HUNTSVILLE,TX,77320
PAYNE'S WRECKER SERVICE INC.,PAYNE & SONS PAYNES WRECKER SVC INC,0000359VSF,SILSBEE,TX,77656
PAYNE'S WRECKER SERVICE INC.,PAYNE & SONS PAYNES WRECKER SVC INC,005033799C,SILSBEE,TX,77656
PAYNE'S WRECKER SERVICE INC.,"PAYNE & SONS, PAYNE & SONS WRECKER SVC.P",0616754VSF,SILSBEE,TX,77656
PEEPLES WRECKER SERVICE LLC,,006513536C,SEGUIN,TX,78155
PEEPLES WRECKER SERVICE LLC,,0651360VSF,SEGUIN,TX,78155
PENA'S WRECKER SERVICE,,005020418C,BROWNSVILLE,TX,78521
PENA'S WRECKER SERVICE,,0567844VSF,BROWNSVILLE,TX,78521
PENICK WRECKER SERVICE,,006200631C,HEARNE,TX,77859
PEPE'S WRECKER SERVICE,,006484223C,HOUSTON,TX,77255
"PERFORMANCE WRECKER SERVICE, LLC",PERFORMANCE TOWING & RECOVERY,006465360C,ROSENBERG,TX,77471
"PERFORMANCE WRECKER SERVICE, LLC",PERFORMANCE TOWING & RECOVERY,0653186VSF,ROSENBERG,TX,77471
PERRY'S WRECKER SERVICE,PERRY'S WRECKER SERVICE,005042170C,SPRING,TX,77383
PERRY'S WRECKER SERVICE LLC,,006592972C,CLEVELAND,TX,77327
PERRY'S WRECKER SERVICE LLC,PERRY'S WRECKER SERVICE LLC,0659298VSF,CLEVELAND,TX,77327
PHIL THWEATT WRECKER SERVICE INC,,006508342C (Suspended!),BRYAN,TX,77806
PHIL THWEATT WRECKER SERVICE INC,,0650919VSF (Suspended!),BRYAN,TX,77806
PHOENIX COLLISION INC ALL-STAR WRECKER,,0645593VSF,ABILENE,TX,79602
PHOENIX COLLISION INC ALL-STAR WRECKER,TEXAS LONE STAR DBA ALL-STAR WRECKER SER,005396734C,ABILENE,TX,79602
PIAZZA WRECKER SERVICE LLC,,006600599C,ATLANTA,TX,75551
PINX WRECKER LLC,,006495252C,SAN ANTONIO,TX,78245
PJ'S WRECKER SERVICE,,005108517C,COLORADO CITY,TX,79512
PJ'S WRECKER SERVICE,,0514871VSF,COLORADO CITY,TX,79512
POPS WRECKER SERVICE LLC,,006585496C (Expired!),EDNA,TX,77957
PORTERFIELD'S WRECKER SERVICE,PORTERFIELD'S WRECKER SERVICE,006497974C (Suspended!),MARSHALL,TX,75670
PORTLAND AUTO & WRECKER SERVICE,,005148792C,PORTLAND,TX,78374
"POTEET WRECKER SERVICE, INC.",,005347199C,PASADENA,TX,77501
"POTEET WRECKER SERVICE, INC.",,0549100VSF,PASADENA,TX,77501
PREMIER & CENTRAL WRECKER SERVICE,,0529795VSF,MISSION,TX,78572
PREMIER WRECKER SERVICE,,005622835C,PALMVIEW,TX,78574
PRIORITY 1 WRECKER SERVICES LLC,,006567661C,HUMBLE,TX,77346
PRO WRECKER ENTERPRISES LLC,ALFA AUTO SERVICES,006506392C,SUGAR LAND,TX,77478
PRO WRECKER ENTERPRISES LLC,ALFA TOWING,006460905C,SUGAR LAND,TX,77478
PRO-CARE WRECKER SERVICE,,006180110C (Insurance not applied !),SPRING BRANCH,TX,78070
PRO-TOW WRECKER SERVICE,PRO TOW WRECKER,0000030825,LEWISVILLE,TX,75067
PROFESSIONAL WRECKER SERVICE,PROFESSIONAL WRECKER SERVICE,006520391C,SAN ANTONIO,TX,78212
PROMISEWRECKERSERVICESLLC,,006582403C,ODESSA,TX,79764
PRONTO WRECKER SERVICE,,0640524VSF,AUSTIN,TX,78758
PRONTO WRECKER SERVICE,,005145722C,AUSTIN,TX,78758
QUALITY WRECKER SERVICE INC,,0653820VSF,FRESNO,TX,77545
"QUALITY WRECKER SERVICE, INC.",,0641767VSF,FRESNO,TX,77545
R & M WRECKER SERVICE,,006461096C,BURNET,TX,78611
R & R WRECKER SERVICE,,005655248C (Expired!),BAY CITY,TX,77414
R & R WRECKER SERVICE,R & R WRECKER SERVICE,0573501VSF (Pending!),BAY CITY,TX,77414
R P WRECKER SERVICE,,005686223C (Expired!),WAXAHACHIE,TX,75165
R&M WRECKER SERVICE LLC,,0660142VSF,BURNET,TX,78611
RAKOWITZ WRECKER SERVICE LLC,OLD 181 WRECKER SERVICE,0658543VSF (Suspended!),KENEDY,TX,78119
RAKOWITZ WRECKER SERVICE LLC,OLD 181 WRECKER SERVICE,006585446C (Suspended!),KENEDY,TX,78119
RAMOS WRECKER SERVICE LLC,,005914938C,HOUSTON,TX,77035
RANDY'S WRECKER SERVICE,,0550233VSF,TAYLOR,TX,76574
RANDY'S WRECKER SERVICE,,005456668C,TAYLOR,TX,76574
RAYMOND WRECKER SERVICE,,005782945C,HOUSTON,TX,77015
"RAZORBACK WRECKER SERVICE, INC",,005966443C,TEXARKANA,AR,71854
RED RAIDER WRECKER INC,,006417455C,LUBBOCK,TX,79404
RED RAIDER WRECKER INC,,0641746VSF,LUBBOCK,TX,79404
RED RIVER WRECKER SERVICE,,006426070C,FULTON,AR,71838
"RED'S WRECKER SERVICE, INC.",,0508303VSF,PEARLAND,TX,77581
"RED'S WRECKER SERVICE, INC.",,005037289C,PEARLAND,TX,77584
REFLECTIVE WRECKER LLC,,006567252C (Suspended!),VON ORMY,TX,78073
RELIABLE WRECKER & ROADSIDE ASSISTANCE,,006584675C (Suspended!),COPPER CANYON,TX,75077
RELIABLE WRECKER & ROADSIDE ASSISTANCE,,006520851C (Expired!),GARLAND,TX,75041
RG 24/7 WRECKER SERVICE,RG 24/7 WRECKER SERVICE,006311858C,DALLAS,TX,75228
RICKEY'S WRECKER SERVICE,,005036979C,CONROE,TX,77385
RICKEY'S WRECKER SERVICE,,0001447VSF,CONROE,TX,77385
RICKY'S WRECKER,,005922178C,SEAGOVILLE,TX,75159
"RICKY'S WRECKER SERVICE, INC.",,0652493VSF,SEAGOVILLE,TX,75159
RILEY WRECKER SERVICE LLC,,006570824C,CORRIGAN,TX,75939
"RILEY WRECKER SERVICE, LLC",,0657083VSF,CORRIGAN,TX,75939
RIO TRAILER AND WRECKER SERVICE,RIO TRAILER SHOP,0000037199,DEL RIO,TX,78840
"RIO WRECKER SERVICE, LLC",,0649133VSF,PHARR,TX,78577
"RIO WRECKER SERVICE, LLC",,006486185C,PHARR,TX,78577
RIVER CITY WRECKER SERVICE,,006092914C,LLANO,TX,78643
RIVER CITY WRECKER SERVICE,,0609292VSF,LLANO,TX,78643
ROCHA'S WRECKER SERVICE,,006474085C,ENNIS,TX,75119
ROGER CABELLO WRECKER SERVICE,,0000405VSF,LAREDO,TX,78043
RONNIE'S WRECKER SERVICE,,005577789C,MARSHALL,TX,75670
"ROSADO'S WRECKER, LLC",,0659350VSF (Suspended!),SWEETWATER,TX,79556
ROY'S WRECKER SERVICE,,0646016VSF,JUNCTION,TX,76849
ROYAL WRECKER SERVICE INC,,006525615C,RICHMOND,TX,77469
ROYAL WRECKER SERVICE INC,,0652566VSF,RICHMOND,TX,77469
ROYAL WRECKER SERVICE INC,,0653348VSF,STAFFORD,TX,77477
SALAZAR WRECKER SERV.,,0595883VSF,MCALLEN,TX,78501
SALAZAR WRECKER SERVICE INC.,,006194631C,MCALLEN,TX,78501
SAND HILL WRECKER SERVICE LLC,,006540998C,CENTER,TX,75935
SAND HILL WRECKER SERVICE LLC,,0654181VSF,CENTER,TX,75935
SANTOS ALFARO DBA SANTOS WRECKER SERVICE,SANTOS WRECKER SERVICE,006429352C (Suspended!),BALCH SPRINGS,TX,75180
SANTOS WRECKER SERVICE LLC,,006587929C,BALCH SPRINGS,TX,75180
SAUCEDO'S WRECKER SERVICE,SAUCEDO WRECKER SERVICE VSF,0000036704,SAN MARCOS,TX,78666
SAUCEDO'S WRECKER SERVICE,SAUCEDO WRECKER SERVICE VSF,0532170VSF,SAN MARCOS,TX,78666
SAULS WRECKER SERVICE INC.,,0559796VSF,MC KINNEY,TX,75070
"SAULS WRECKER SERVICE, INC.",,005597012C,MC KINNEY,TX,75070
SE-RO III WRECKER SERVICE,SE-RO III WRECKER SERVICE,0650713VSF,MISSION,TX,78573
SERDA'S TOWING & WRECKER SERVICE,,006344761C,SAN ANTONIO,TX,78211
SHANAFELT WRECKER SERVICES LLC,,0657997VSF,SEGUIN,TX,78155
"SHANAFELT WRECKER SERVICES, LLC",,006579791C,SEGUIN,TX,78155
SHIPMAN'S WRECKING SERVICE INC,,005776594C,MULESHOE,TX,79347
SHIPMANS WRECKING SERVICE INC,,0650659VSF,MULESHOE,TX,79347
SID'S WRECKER SERVICE,,0570145VSF (Expired!),EDNA,TX,77957
SID'S WRECKER SERVICE,,005012318C,EDNA,TX,77957
SILVERSTAR WRECKER SVC LLC,,0652041VSF,WEATHERFORD,TX,76087
"SILVERSTAR WRECKER SVC, LLC",,006441861C,WEATHERFORD,TX,76087
"SIMONS, GUY, WRECKER SERVICE, INC",,0000037001,FORT WORTH,TX,76106
SKEETER'S WRECKER SERVICE INC.,,005653618C,WHITESBORO,TX,76273
SMITH BROTHERS WRECKER SERVICE,SMITH BROTHERS WRECKER SERVICE,006538576C (Insurance not applied !),JACKSONVILLE,TX,75766
"SOCO'S WRECKER SERVICE, LLC",,006557001C,DUNCANVILLE,TX,75137
SOLO WRECKER SERVICE,,006507361C,LUFKIN,TX,75902
SOUTH COUNTY WRECKER SERVICE LLC,QUIK TOW WRKR & SOUTH CNTY WRKER & STOR,006484013C,CONROE,TX,77385
SOUTH COUNTY WRECKER SERVICE LLC,,0656013VSF,CONROE,TX,77385
SOUTH WEST TN WRECKER,SOUTHWEST TN WRECKER SERVICES,006413142C (Insurance not applied !),HOUSTON,TX,77072
"SOUTHSIDE WRECKER, INC.",,0000036778,MANCHACA,TX,78652
"SOUTHSIDE WRECKER, INC.",TEXAN TOWING,006545952C,MANCHACA,TX,78652
"SOUTHSIDE WRECKER, INC.",ROUND UP TOWING,006545962C (Expired!),MANCHACA,TX,78652
SPANKY'S WRECKER SERVICE,,0653888VSF (Expired!),BEAUMONT,TX,77701
"SPANKY'S WRECKER SERVICE, INC.",,005035299C,BEAUMONT,TX,77701
SPARTAN WRECKER LLC,,006567372C,DALLAS,TX,75243
SPRING CREEK WRECKER SERVICE,SPRING CREEK STORAGE,0656611VSF (Expired!),MAGNOLIA,TX,77354
SPRING CREEK WRECKER SERVICE,SPRING CREEK WRECKER,006480752C,MAGNOLIA,TX,77354
STANLEY WRECKER SERVICE,,005010168C,RUSK,TX,75785
STATEWIDE WRECKER SERVICE INC,,0647320VSF,CORPUS CHRISTI,TX,78405
STATEWIDE WRECKER SERVICE INC,,006473214C,CORPUS CHRISTI,TX,78465
STOWE'S WRECKER SERVICE LLC,,005604783C,MONTGOMERY,TX,77356
STOWE'S WRECKER SERVICE LLC,,0657368VSF,MONTGOMERY,TX,77356
SUPERIOR WRECKER SERVICE LLC,,006539116C,ALIEF,TX,77411
SUTTIE'S WRECKER SERVICE,,005031099C,HOUSTON,TX,77269
TEXAN AUTO & WRECKER SERVICE,,005050181C,HOUSTON,TX,77280
TEXANS BEST WRECKER SERVICE LLC,TEXANS BEST WRECKER SERVICE,006531961C,HOUSTON,TX,77049
"TEXAS TOWING WRECKER SERVICE, INC.",,0000964VSF,FORT WORTH,TX,76107
"TEXAS TOWING WRECKER SERVICE, INC.",,005032139C,FT WORTH,TX,76107
TEXOMA WRECKER SERVICE,,005559897C,DENISON,TX,75021
TEXOMA WRECKER SERVICE,,0576975VSF,DENISON,TX,75020
TEXSTAR WRECKER SERVICE,,0642285VSF,CORPUS CHRISTI,TX,78415
THE WOODLANDS WRECKER SERVICE,"THE WOODLANDS TOWING, AW TOWING",006480341C,THE WOODLANDS,TX,77387
THE WRECKER MAN LLC,,006538726C (Expired!),NEW BRAUNFELS,TX,78132
THIRD COAST WRECKER INC.,,006556751C,SUGAR LAND,TX,77498
THIRD COAST WRECKER INC.,,0656463VSF,SUGAR LAND,TX,77498
THOMAS WRECKER SERVICE,,0657176VSF,FORT WORTH,TX,76104
THOMAS WRECKER SERVICE INC,,0630441VSF,FORT WORTH,TX,76104
"THOMAS WRECKER SERVICE, INC.",,006099684C,HALTOM CITY,TX,76117
"TILLERY WRECKER SERVICES, INC.",,000032038C,GIDDINGS,TX,78942
"TILLERY WRECKER SERVICES, INC.",,0001075VSF,GIDDINGS,TX,78942
TNT WRECKER SERVICE,,005062772C,BEAUMONT,TX,77720
TNT WRECKER SERVICE,,0000526VSF (Expired!),BEAUMONT,TX,77720
TNT WRECKER SERVICE,,0566546VSF,BEAUMONT,TX,77720
TNT WRECKER SERVICE,,0655419VSF,WINNIE,TX,77665
TONY'S WRECKER SERVICE,,0646845VSF,BROWNSVILLE,TX,78521
TONYS WRECKER SERVICE,,006468492C,BROWNSVILLE,TX,78521
TOP GUN WRECKER SERVICE & RECOVERY INC,,0593231VSF,BEAUMONT,TX,77707
"TOP GUN WRECKER SERVICE & RECOVERY, INC.",,005932308C,BEAUMONT,TX,77707
TOW 2 TOW WRECKER,,006536784C,DALLAS,TX,75253
TOW MASTER WRECKER SERVICES LLC,,006591302C (Pending Review!),IRVING,TX,75039
TOW PRO WRECKER SERVICE,,0598897VSF,RED OAK,TX,75154
TOW PRO WRECKER SERVICE,,005741038C,WAXAHACHIE,TX,75167
TOW PRO WRECKER SERVICE,,0574166VSF,RED OAK,TX,75154
TOW-AHOLIC WRECKER SERVICE LLC,TOW-AHOLIC,006461756C,HOUSTON,TX,77035
"TRANS-MATIC WRECKER SERVICE, LLC",,006510303C,ROSWELL,NM,88201
TRI-CITY WRECKER SERVICE,,006467341C,PFLUGERVILLE,TX,78691
TURNERS WRECKER SERVICE,,0553797VSF,BEAUMONT,TX,77713
TURNERS WRECKER SERVICE,,005252022C,BEAUMONT,TX,77701
TYLER BOY WRECKER SERVICE INC.,,005013738C,ROCKWALL,TX,75087
TYLER BOY WRECKER SERVICE INC.,,0001644VSF,ROCKWALL,TX,75087
UPI WRECKER SERVICES INC,UPI WRECKER SERVICES,006567562C (Expired!),HOUSTON,TX,77048
USA WRECKER SERVICE LLC,USA WRECKER SERVICE,006561166C,CEDAR CREEK,TX,78612
USA WRECKER SERVICE LLC,USA WRECKER SERVICE,0656123VSF,CEDAR CREEK,TX,78612
VELEZ WRECKER SERVICE,,005587540C,HOUSTON,TX,77022
W&W WRECKER SERVICES LLC,,006599728C,PASADENA,TX,77503
WALDEN WRECKER SERVICE LLC,,0660118VSF (Pending Review!),LIBERTY HILL,TX,78642
WALDEN WRECKER SERVICE LLC,,0654857VSF (Expired!),LIBERTY HILL,TX,78642
WALDEN WRECKER SERVICE LLC,,0657911VSF,LIBERTY HILL,TX,78642
WALDEN WRECKER SERVICE LLC,WALDEN WRECKER SERVICE,006520121C,LIBERTY HILL,TX,78642
WALKER'S WRECKER SERVICE,,005456658C,SANTA FE,TX,77517
WALKER'S WRECKER SERVICE,,0560542VSF (Suspended!),SANTA FE,TX,77510
"WALKER, C. A. WRECKER SERVICE",,005320597C (Expired!),HOUSTON,TX,77021
WALLACE & SONS' WRECKER SERVICE LLC,,0657815VSF,HENDERSON,TX,75653
"WALLACE & SONS' WRECKER SERVICE, LLC",,006562677C,HENDERSON,TX,75653
"WALLACE & SONS' WRECKER SERVICE, LLC",,0656268VSF (Expired!),HENDERSON,TX,75653
"WALLACE & SONS' WRECKER SERVICE, LLC",,0659523VSF,HENDERSON,TX,75653
WALNUT HILL WRECKER SERVICE,,0001342VSF,DALLAS,TX,75229
"WALNUT HILL WRECKER SERVICE, INC.",,0000030286,DALLAS,TX,75229
WELLS WOODS WRECKER LLC,WELLS WRECKER SERVICE,0589999VSF,AZLE,TX,76020
WELLS WOODS WRECKER LLC,WOODS WRECKER SERVICE,006471403C,AZLE,TX,76020
WELLS WOODS WRECKER LLC,WOODS WRECKER SERVICE,0647141VSF,AZLE,TX,76020
WELLS WOODS WRECKER LLC.,WELLS WRECKER SERVICE,005868934C,AZLE,TX,76020
WHITES WRECKER SERVICE,,006428352C (Insurance not applied !),DURANT,OK,74701
WHITTINGTON AUTO WRECKER,WHITTINGTON AUTO WRECKER,006400912C,LEAGUE CITY,TX,77574
WILSON WRECKER SERVICE LLC,,0645727VSF,LUBBOCK,TX,79452
WILSON WRECKER SERVICE LLC,,0653325VSF,LUBBOCK,TX,79452
"WILSON WRECKER SERVICE, L.L.C",,0648625VSF,LUBBOCK,TX,79452
"WILSON WRECKER SERVICE, L.L.C.",,006423458C,LUBBOCK,TX,79452
"WILSON WRECKER SERVICE, L.L.C.",,0642347VSF,LUBBOCK,TX,79452
"WILSON WRECKER SERVICE, L.L.C.",,0654413VSF,LUBBOCK,TX,79452
"WILSON WRECKER SERVICE, L.L.C.",,0655582VSF,LUBBOCK,TX,79452
"WILSON WRECKER SERVICE, LLC",,0652721VSF,LUBBOCK,TX,79452
WINDCREST WRECKER,WINDCREST WRECKER,0660262VSF (Expired!),PINEHURST,TX,77362
WINDELL'S BODY SHOP & WRECKER SERVICE,,0653732VSF,NAPLES,TX,75568
WINDELL'S BODY SHOP & WRECKER SERVICE,,005356890C,NAPLES,TX,75568
WRECK'D TOWING LLC,,006550196C,BOERNE,TX,78006
WRECKER-LA GRUA LLC,THE WRECKER LA GRUA,006541309C,AUSTIN,TX,78747
WRIGHT'S WRECKER SERVICE,,005388553C,NASH,TX,75569
WRIGHT'S WRECKER SERVICE,,0593304VSF (Expired!),NASH,TX,75569
WRIGHT'S WRECKER SERVICE,,0508198VSF,NASH,TX,75569
XTREME WRECKER SERVICES INC.,,0650507VSF,BARSTOW,TX,79719
"XTREME WRECKER SERVICES, INC",,006504760C,BARSTOW,TX,79719
